Count,Username
1,Thanosceo
2,AlizaMusic_Assistant
3,zackThePromoter
4,DaisyMusicAssistant
5,BotpromotionC1
6,KP_king_4
7,DEVIL_DISCIPLE
8,Kennnettt
9,LOST_LOVE_VK
10,Taskmanageradmin
11,PaigeCarlisle
12,Xyz662555
13,Appdeveloper24k
14,Lanathenightgirl
15,Sozuzy_here
16,Flexer_xxd
17,Mrkiller_1109
18,Xll_KING_llX
19,Daisy_Assistant
20,reni7799
21,Takievil
22,Mr_Appu_963
23,Pain_tensei
24,Lost_choota_bheem
25,humanzeek
26,studyyyiing
27,Shanyt_24
28,SAMI_GAMERZ_7
29,mahiiiiiii04
30,OGGYY03
31,ll_QUEEN_l
32,innocent_babe_dead
33,HEROX_GFX
34,Sarthak_890
35,edx_lil
36,Backup_Bosss
37,DIGU_BHAI
38,Queenbeeassist
39,Index12345
40,alienhere1
41,MrCyberSolo
42,Sonuby
43,No_Attitude_Lines
44,anil_rar
45,x_Insaan_x
46,xMrDx310
47,CannotLeav
48,hassain6554
49,hacker11khan
50,Its_Deepak_658
51,Khiladi_47x
52,Xavier_707
53,PantherMusic_Assistant
54,Vicky07
55,navi_gillz
56,Altroxhari
57,belongtoharayana
58,ADITYA_SIR_ADITYA
59,PAPA_HUNTERX
60,Rk_0786
61,addcgudyj
62,riyadsyaddad
63,SammWayne
64,Ghost_Dead141
65,Help_2earning_by_ss
66,Jmpussionadora
67,Gr_boster_bot
68,only_me_and_my_dream
69,Yash_toxic
70,Lucifer5A
71,asiblack1
72,ATIF196196
73,aka_oreo
74,Ree1Ree
75,Jeetrathores
76,shyamsingh143
77,Realkunal1
78,SyFact123
79,Sanki_banda_1
80,Rajaji6161
81,VWtf_baby
82,sojibuddinsiam
83,Assistant_MusicBotEverywhere
84,Luciefer_01
85,Loverop43
86,famezc
87,Darkguy699
88,Ursdrey
89,Nadeem6227
90,Nikhil110
91,Klyan11
92,Tineshjan
93,Allahson07
94,MahindraCeo
95,WannataIktome
96,satyam838186
97,Tee426
98,badzuke
99,Sahil74396
100,Tentacion_2
101,Kissozooz
102,si_badshah_10
103,Hatake_clan
104,VC_FIGHTER_RABI
105,Daveawo45
106,Bala118
107,iayushonly
108,VIPBullBear
109,Tesla_vip01
110,xtreoneditzzz
111,Manwevalar99
112,Membersadder639
113,AlexLutherr
114,Cutegirllove1
115,J_007L
116,Siya_op
117,Do_Not_laugh_Me
118,K41348
119,MAHAKALI_MATKA1
120,Tom_and_Jerry_off
121,KOHINOOR_SELLER
122,Master_error_clan
123,p_amit07
124,thee_biiiiig_guy
125,Ankita143rj
126,MeghaChander_Music
127,abhi_0927
128,KIRU_OP_98
129,nikkjaatt
130,Kingkingsmokerrrrr
131,TRUTHxLIE
132,CoFounder_Telegram
133,Charvi_music_assistant
134,Satyam200918
135,rrajeevsingh6
136,hereegina
137,parvezkhanrong
138,mrprefectVip
139,Hackerr4_4
140,OneshotIGCC
141,Cahmrouenvansak
142,Dark_jamess
143,ronyislam101
144,Offitym
145,WORKING_SPECIAL
146,akkssshhhhh
147,LearnHelpsupport12
148,bala2436
149,Kittu_op_5
150,MR_CUTE_X
151,Fragnite_444
152,idiabon
153,RITIKYDVVV
154,OWNERSHIPMOD
155,SUDIPSAHA06
156,ll_RAJVEER_ll
157,Alostsoul007
158,DaLinkGo
159,TANJIR00O
160,Priyaakhatri
161,Sivam_uv
162,Mkfret
163,Darshil_153
164,sujon274789
165,Jhbhuiyan1
166,Mafia_princesss
167,Ankush2753
168,BABA_TG
169,Little_Professor
170,il0in
171,jokipinjoladmin
172,Jhonny1122
173,DABANG_BST
174,imthi001
175,StrawberryTrisha
176,l_o_r_d_s
177,Nidhi_raghav
178,PROMOTOR_Mamun_100k
179,Vk_09_1
180,Hesamyaghoobi07
181,zx_owner
182,Brahmanophai
183,vansh_5598
184,h2dteamorg
185,TIMELOG6
186,XD_sb_fak3
187,Nikkk_Op
188,Pro_docc
189,Aafaaattt
190,BEASTSTOREADMIN
191,RAJ_BHAI_01
192,MR_BERLIN_0
193,SFP_SOLDIER
194,LITON213
195,ANKIT_OPP
196,RahulMondal21
197,TUSHARxBOSS
198,PAID_HACKS_MAKER
199,Sharjeel_wsa
